{"cameraMode":{"drawMode":0,"name":"Shaded","section":"Shading Mode"},"sceneLighting":true,"audioPlay":false,"sceneViewState":{"showFog":true,"showMaterialUpdate":false,"showSkybox":true,"showFlares":true,"showImageEffects":true,"showParticleSystems":true},"in2DMode":false,"pivot":{"x":11.086380004882813,"y":0.14650000631809236,"z":-3.903111219406128},"rotation":{"x":-0.11543154716491699,"y":-0.5127521753311157,"z":0.06980600208044052,"w":-0.8478776812553406},"size":12.480137825012207,"orthographic":false}