{"cameraMode":{"drawMode":0,"name":"Shaded","section":"Shading Mode"},"sceneLighting":true,"audioPlay":false,"sceneViewState":{"showFog":true,"showMaterialUpdate":true,"showSkybox":true,"showFlares":true,"showImageEffects":true,"showParticleSystems":true},"in2DMode":false,"pivot":{"x":127.48350524902344,"y":151.18283081054688,"z":90.96430206298828},"rotation":{"x":0.080967977643013,"y":-0.8375144600868225,"z":0.5258035659790039,"w":0.12783828377723695},"size":65.76104736328125,"orthographic":false}