{"cameraMode":{"drawMode":0,"name":"Shaded","section":"Shading Mode"},"sceneLighting":true,"audioPlay":false,"sceneViewState":{"showFog":true,"showMaterialUpdate":true,"showSkybox":true,"showFlares":true,"showImageEffects":true,"showParticleSystems":true},"in2DMode":false,"pivot":{"x":244.23976135253907,"y":1.811833381652832,"z":87.63007354736328},"rotation":{"x":0.0710960254073143,"y":-0.7042642831802368,"z":0.07044360041618347,"w":0.7034122943878174},"size":3.804025888442993,"orthographic":false}