{"cameraMode":{"drawMode":0,"name":"Shaded","section":"Shading Mode"},"sceneLighting":true,"audioPlay":false,"sceneViewState":{"showFog":true,"showMaterialUpdate":true,"showSkybox":true,"showFlares":true,"showImageEffects":true,"showParticleSystems":true},"in2DMode":false,"pivot":{"x":59.018394470214847,"y":2.919299364089966,"z":106.47346496582031},"rotation":{"x":-0.10451047867536545,"y":-0.8626457452774048,"z":0.20020803809165955,"w":-0.45352640748023989},"size":6.43764066696167,"orthographic":false}