{"cameraMode":{"drawMode":0,"name":"Shaded","section":"Shading Mode"},"sceneLighting":true,"audioPlay":false,"sceneViewState":{"showFog":true,"showMaterialUpdate":true,"showSkybox":true,"showFlares":true,"showImageEffects":true,"showParticleSystems":true},"in2DMode":false,"pivot":{"x":53.25350570678711,"y":0.9535622596740723,"z":106.29301452636719},"rotation":{"x":0.13886471092700959,"y":0.7094679474830627,"z":-0.14723697304725648,"w":0.6756682395935059},"size":3.2566001415252687,"orthographic":false}