{"cameraMode":{"drawMode":0,"name":"Shaded","section":"Shading Mode"},"sceneLighting":false,"audioPlay":false,"sceneViewState":{"showFog":true,"showMaterialUpdate":true,"showSkybox":false,"showFlares":true,"showImageEffects":true,"showParticleSystems":true},"in2DMode":false,"pivot":{"x":100.37223052978516,"y":0.6897735595703125,"z":116.35887908935547},"rotation":{"x":-0.23527243733406068,"y":-0.7137782573699951,"z":0.5967269539833069,"w":-0.2814517021179199},"size":1.027550458908081,"orthographic":false}