{"cameraMode":{"drawMode":0,"name":"Shaded","section":"Shading Mode"},"sceneLighting":true,"audioPlay":false,"sceneViewState":{"showFog":true,"showMaterialUpdate":true,"showSkybox":true,"showFlares":true,"showImageEffects":true,"showParticleSystems":true},"in2DMode":false,"pivot":{"x":-0.007149815559387207,"y":0.635547399520874,"z":-0.08339226245880127},"rotation":{"x":0.009847724810242653,"y":0.9858298301696777,"z":-0.1553620994091034,"w":0.0624873973429203},"size":1.0019248723983765,"orthographic":false}