{"cameraMode":{"drawMode":0,"name":"Shaded","section":"Shading Mode"},"sceneLighting":true,"audioPlay":false,"sceneViewState":{"showFog":true,"showMaterialUpdate":true,"showSkybox":true,"showFlares":true,"showImageEffects":true,"showParticleSystems":true},"in2DMode":false,"pivot":{"x":52.45000076293945,"y":0.7205839157104492,"z":109.9000015258789},"rotation":{"x":-0.13726939260959626,"y":0.4891849458217621,"z":-0.07846549153327942,"w":-0.8582307696342468},"size":2.6258862018585207,"orthographic":false}