{"cameraMode":{"drawMode":0,"name":"Shaded","section":"Shading Mode"},"sceneLighting":true,"audioPlay":false,"sceneViewState":{"showFog":true,"showMaterialUpdate":true,"showSkybox":true,"showFlares":true,"showImageEffects":true,"showParticleSystems":true},"in2DMode":false,"pivot":{"x":52.45000076293945,"y":0.7205839157104492,"z":109.9000015258789},"rotation":{"x":-0.09904460608959198,"y":-0.8999672532081604,"z":0.2736954689025879,"w":-0.32587701082229617},"size":4.268224239349365,"orthographic":false}