{"cameraMode":{"drawMode":0,"name":"Shaded","section":"Shading Mode"},"sceneLighting":true,"audioPlay":false,"sceneViewState":{"showFog":true,"showMaterialUpdate":true,"showSkybox":true,"showFlares":true,"showImageEffects":true,"showParticleSystems":true},"in2DMode":false,"pivot":{"x":84.3001708984375,"y":0.19942957162857057,"z":103.66134643554688},"rotation":{"x":0.481245756149292,"y":0.18426674604415894,"z":-0.10424208641052246,"w":0.85071861743927},"size":0.34192830324172976,"orthographic":false}