{"cameraMode":{"drawMode":0,"name":"Shaded","section":"Shading Mode"},"sceneLighting":true,"audioPlay":false,"sceneViewState":{"showFog":true,"showMaterialUpdate":true,"showSkybox":true,"showFlares":true,"showImageEffects":true,"showParticleSystems":true},"in2DMode":false,"pivot":{"x":71.5173110961914,"y":-36.85752868652344,"z":97.69918823242188},"rotation":{"x":0.2724478244781494,"y":0.7192517518997192,"z":-0.38300374150276186,"w":0.5116382837295532},"size":99.79510498046875,"orthographic":false}