{"cameraMode":{"drawMode":0,"name":"Shaded","section":"Shading Mode"},"sceneLighting":true,"audioPlay":false,"sceneViewState":{"showFog":true,"showMaterialUpdate":true,"showSkybox":true,"showFlares":true,"showImageEffects":true,"showParticleSystems":true},"in2DMode":false,"pivot":{"x":62.393733978271487,"y":-4.178895473480225,"z":95.8387222290039},"rotation":{"x":-0.09729420393705368,"y":-0.8928755521774292,"z":0.2325391173362732,"w":-0.3742820918560028},"size":12.859457015991211,"orthographic":false}