{"cameraMode":{"drawMode":0,"name":"Shaded","section":"Shading Mode"},"sceneLighting":true,"audioPlay":false,"sceneViewState":{"showFog":true,"showMaterialUpdate":true,"showSkybox":true,"showFlares":true,"showImageEffects":true,"showParticleSystems":true},"in2DMode":false,"pivot":{"x":53.68798065185547,"y":0.7205839157104492,"z":111.14018249511719},"rotation":{"x":0.13825386762619019,"y":-0.6028404831886292,"z":0.1062847301363945,"w":0.7790820598602295},"size":2.2060558795928957,"orthographic":false}